naics_edition_year,history_year,history_naics,cur_naics
2022,2012,111110,111110
2022,2017,111110,111110
2022,2022,111110,111110
2022,2012,111120,111120
2022,2017,111120,111120
2022,2022,111120,111120
2022,2012,111130,111130
2022,2017,111130,111130
2022,2022,111130,111130
2022,2012,111140,111140
2022,2017,111140,111140
2022,2022,111140,111140
2022,2012,111150,111150
2022,2017,111150,111150
2022,2022,111150,111150
2022,2012,111160,111160
2022,2017,111160,111160
2022,2022,111160,111160
2022,2012,111191,111191
2022,2017,111191,111191
2022,2022,111191,111191
2022,2012,111199,111199
2022,2017,111199,111199
2022,2022,111199,111199
2022,2012,111211,111211
2022,2017,111211,111211
2022,2022,111211,111211
2022,2012,111219,111219
2022,2017,111219,111219
2022,2022,111219,111219
2022,2012,111310,111310
2022,2017,111310,111310
2022,2022,111310,111310
2022,2012,111320,111320
2022,2017,111320,111320
2022,2022,111320,111320
2022,2012,111331,111331
2022,2017,111331,111331
2022,2022,111331,111331
2022,2012,111332,111332
2022,2017,111332,111332
2022,2022,111332,111332
2022,2012,111333,111333
2022,2017,111333,111333
2022,2022,111333,111333
2022,2012,111334,111334
2022,2017,111334,111334
2022,2022,111334,111334
2022,2012,111335,111335
2022,2017,111335,111335
2022,2022,111335,111335
2022,2012,111336,111336
2022,2017,111336,111336
2022,2022,111336,111336
2022,2012,111339,111339
2022,2017,111339,111339
2022,2022,111339,111339
2022,2012,111411,111411
2022,2017,111411,111411
2022,2022,111411,111411
2022,2012,111419,111419
2022,2017,111419,111419
2022,2022,111419,111419
2022,2012,111421,111421
2022,2017,111421,111421
2022,2022,111421,111421
2022,2012,111422,111422
2022,2017,111422,111422
2022,2022,111422,111422
2022,2012,111910,111910
2022,2017,111910,111910
2022,2022,111910,111910
2022,2012,111920,111920
2022,2017,111920,111920
2022,2022,111920,111920
2022,2012,111930,111930
2022,2017,111930,111930
2022,2022,111930,111930
2022,2012,111940,111940
2022,2017,111940,111940
2022,2022,111940,111940
2022,2012,111991,111991
2022,2017,111991,111991
2022,2022,111991,111991
2022,2012,111992,111992
2022,2017,111992,111992
2022,2022,111992,111992
2022,2012,111998,111998
2022,2017,111998,111998
2022,2022,111998,111998
2022,2012,112111,112111
2022,2017,112111,112111
2022,2022,112111,112111
2022,2012,112112,112112
2022,2017,112112,112112
2022,2022,112112,112112
2022,2012,112120,112120
2022,2017,112120,112120
2022,2022,112120,112120
2022,2012,112130,112130
2022,2017,112130,112130
2022,2022,112130,112130
2022,2012,112210,112210
2022,2017,112210,112210
2022,2022,112210,112210
2022,2012,112310,112310
2022,2017,112310,112310
2022,2022,112310,112310
2022,2012,112320,112320
2022,2017,112320,112320
2022,2022,112320,112320
2022,2012,112330,112330
2022,2017,112330,112330
2022,2022,112330,112330
2022,2012,112340,112340
2022,2017,112340,112340
2022,2022,112340,112340
2022,2012,112390,112390
2022,2017,112390,112390
2022,2022,112390,112390
2022,2012,112410,112410
2022,2017,112410,112410
2022,2022,112410,112410
2022,2012,112420,112420
2022,2017,112420,112420
2022,2022,112420,112420
2022,2012,112511,112511
2022,2017,112511,112511
2022,2022,112511,112511
2022,2012,112512,112512
2022,2017,112512,112512
2022,2022,112512,112512
2022,2012,112519,112519
2022,2017,112519,112519
2022,2022,112519,112519
2022,2012,112910,112910
2022,2017,112910,112910
2022,2022,112910,112910
2022,2012,112920,112920
2022,2017,112920,112920
2022,2022,112920,112920
2022,2012,112930,112930
2022,2017,112930,112930
2022,2022,112930,112930
2022,2012,112990,112990
2022,2017,112990,112990
2022,2022,112990,112990
2022,2012,113110,113110
2022,2017,113110,113110
2022,2022,113110,113110
2022,2012,113210,113210
2022,2017,113210,113210
2022,2022,113210,113210
2022,2012,113310,113310
2022,2017,113310,113310
2022,2022,113310,113310
2022,2012,114111,114111
2022,2017,114111,114111
2022,2022,114111,114111
2022,2012,114112,114112
2022,2017,114112,114112
2022,2022,114112,114112
2022,2012,114119,114119
2022,2017,114119,114119
2022,2022,114119,114119
2022,2012,114210,114210
2022,2017,114210,114210
2022,2022,114210,114210
2022,2012,115111,115111
2022,2017,115111,115111
2022,2022,115111,115111
2022,2012,115112,115112
2022,2017,115112,115112
2022,2022,115112,115112
2022,2012,115113,115113
2022,2017,115113,115113
2022,2022,115113,115113
2022,2012,115114,115114
2022,2017,115114,115114
2022,2022,115114,115114
2022,2012,115115,115115
2022,2017,115115,115115
2022,2022,115115,115115
2022,2012,115116,115116
2022,2017,115116,115116
2022,2022,115116,115116
2022,2012,115210,115210
2022,2017,115210,115210
2022,2022,115210,115210
2022,2012,115310,115310
2022,2017,115310,115310
2022,2022,115310,115310
2022,2012,211111,211120
2022,2017,211120,211120
2022,2022,211120,211120
2022,2012,211111,211130
2022,2012,211112,211130
2022,2017,211130,211130
2022,2022,211130,211130
2022,2012,212111,212114
2022,2012,212113,212114
2022,2017,212111,212114
2022,2017,212113,212114
2022,2022,212114,212114
2022,2012,212112,212115
2022,2012,212113,212115
2022,2017,212112,212115
2022,2017,212113,212115
2022,2022,212115,212115
2022,2012,212210,212210
2022,2017,212210,212210
2022,2022,212210,212210
2022,2012,212221,212220
2022,2012,212222,212220
2022,2017,212221,212220
2022,2017,212222,212220
2022,2022,212220,212220
2022,2012,212231,212230
2022,2012,212234,212230
2022,2017,212230,212230
2022,2022,212230,212230
2022,2012,212291,212290
2022,2012,212299,212290
2022,2017,212291,212290
2022,2017,212299,212290
2022,2022,212290,212290
2022,2012,212311,212311
2022,2017,212311,212311
2022,2022,212311,212311
2022,2012,212312,212312
2022,2017,212312,212312
2022,2022,212312,212312
2022,2012,212313,212313
2022,2017,212313,212313
2022,2022,212313,212313
2022,2012,212319,212319
2022,2017,212319,212319
2022,2022,212319,212319
2022,2012,212321,212321
2022,2017,212321,212321
2022,2022,212321,212321
2022,2012,212322,212322
2022,2017,212322,212322
2022,2022,212322,212322
2022,2012,212324,212323
2022,2012,212325,212323
2022,2017,212324,212323
2022,2017,212325,212323
2022,2022,212323,212323
2022,2012,212391,212390
2022,2012,212392,212390
2022,2012,212393,212390
2022,2012,212399,212390
2022,2017,212391,212390
2022,2017,212392,212390
2022,2017,212393,212390
2022,2017,212399,212390
2022,2022,212390,212390
2022,2012,213111,213111
2022,2017,213111,213111
2022,2022,213111,213111
2022,2012,213112,213112
2022,2017,213112,213112
2022,2022,213112,213112
2022,2012,213113,213113
2022,2017,213113,213113
2022,2022,213113,213113
2022,2012,213114,213114
2022,2017,213114,213114
2022,2022,213114,213114
2022,2012,213115,213115
2022,2017,213115,213115
2022,2022,213115,213115
2022,2012,221111,221111
2022,2017,221111,221111
2022,2022,221111,221111
2022,2012,221112,221112
2022,2017,221112,221112
2022,2022,221112,221112
2022,2012,221113,221113
2022,2017,221113,221113
2022,2022,221113,221113
2022,2012,221114,221114
2022,2017,221114,221114
2022,2022,221114,221114
2022,2012,221115,221115
2022,2017,221115,221115
2022,2022,221115,221115
2022,2012,221116,221116
2022,2017,221116,221116
2022,2022,221116,221116
2022,2012,221117,221117
2022,2017,221117,221117
2022,2022,221117,221117
2022,2012,221118,221118
2022,2017,221118,221118
2022,2022,221118,221118
2022,2012,221121,221121
2022,2017,221121,221121
2022,2022,221121,221121
2022,2012,221122,221122
2022,2017,221122,221122
2022,2022,221122,221122
2022,2012,221210,221210
2022,2017,221210,221210
2022,2022,221210,221210
2022,2012,221310,221310
2022,2017,221310,221310
2022,2022,221310,221310
2022,2012,221320,221320
2022,2017,221320,221320
2022,2022,221320,221320
2022,2012,221330,221330
2022,2017,221330,221330
2022,2022,221330,221330
2022,2012,236115,236115
2022,2017,236115,236115
2022,2022,236115,236115
2022,2012,236116,236116
2022,2017,236116,236116
2022,2022,236116,236116
2022,2012,236117,236117
2022,2017,236117,236117
2022,2022,236117,236117
2022,2012,236118,236118
2022,2017,236118,236118
2022,2022,236118,236118
2022,2012,236210,236210
2022,2017,236210,236210
2022,2022,236210,236210
2022,2012,236220,236220
2022,2017,236220,236220
2022,2022,236220,236220
2022,2012,237110,237110
2022,2017,237110,237110
2022,2022,237110,237110
2022,2012,237120,237120
2022,2017,237120,237120
2022,2022,237120,237120
2022,2012,237130,237130
2022,2017,237130,237130
2022,2022,237130,237130
2022,2012,237210,237210
2022,2017,237210,237210
2022,2022,237210,237210
2022,2012,237310,237310
2022,2017,237310,237310
2022,2022,237310,237310
2022,2012,237990,237990
2022,2017,237990,237990
2022,2022,237990,237990
2022,2012,238110,238110
2022,2017,238110,238110
2022,2022,238110,238110
2022,2012,238120,238120
2022,2017,238120,238120
2022,2022,238120,238120
2022,2012,238130,238130
2022,2017,238130,238130
2022,2022,238130,238130
2022,2012,238140,238140
2022,2017,238140,238140
2022,2022,238140,238140
2022,2012,238150,238150
2022,2017,238150,238150
2022,2022,238150,238150
2022,2012,238160,238160
2022,2017,238160,238160
2022,2022,238160,238160
2022,2012,238170,238170
2022,2017,238170,238170
2022,2022,238170,238170
2022,2012,238190,238190
2022,2017,238190,238190
2022,2022,238190,238190
2022,2012,238210,238210
2022,2017,238210,238210
2022,2022,238210,238210
2022,2012,238220,238220
2022,2017,238220,238220
2022,2022,238220,238220
2022,2012,238290,238290
2022,2017,238290,238290
2022,2022,238290,238290
2022,2012,238310,238310
2022,2017,238310,238310
2022,2022,238310,238310
2022,2012,238320,238320
2022,2017,238320,238320
2022,2022,238320,238320
2022,2012,238330,238330
2022,2017,238330,238330
2022,2022,238330,238330
2022,2012,238340,238340
2022,2017,238340,238340
2022,2022,238340,238340
2022,2012,238350,238350
2022,2017,238350,238350
2022,2022,238350,238350
2022,2012,238390,238390
2022,2017,238390,238390
2022,2022,238390,238390
2022,2012,238910,238910
2022,2017,238910,238910
2022,2022,238910,238910
2022,2012,238990,238990
2022,2017,238990,238990
2022,2022,238990,238990
2022,2012,311111,311111
2022,2017,311111,311111
2022,2022,311111,311111
2022,2012,311119,311119
2022,2017,311119,311119
2022,2022,311119,311119
2022,2012,311211,311211
2022,2017,311211,311211
2022,2022,311211,311211
2022,2012,311212,311212
2022,2017,311212,311212
2022,2022,311212,311212
2022,2012,311213,311213
2022,2017,311213,311213
2022,2022,311213,311213
2022,2012,311221,311221
2022,2017,311221,311221
2022,2022,311221,311221
2022,2012,311224,311224
2022,2017,311224,311224
2022,2022,311224,311224
2022,2012,311225,311225
2022,2017,311225,311225
2022,2022,311225,311225
2022,2012,311230,311230
2022,2017,311230,311230
2022,2022,311230,311230
2022,2012,311313,311313
2022,2017,311313,311313
2022,2022,311313,311313
2022,2012,311314,311314
2022,2017,311314,311314
2022,2022,311314,311314
2022,2012,311340,311340
2022,2017,311340,311340
2022,2022,311340,311340
2022,2012,311351,311351
2022,2017,311351,311351
2022,2022,311351,311351
2022,2012,311352,311352
2022,2017,311352,311352
2022,2022,311352,311352
2022,2012,311411,311411
2022,2017,311411,311411
2022,2022,311411,311411
2022,2012,311412,311412
2022,2017,311412,311412
2022,2022,311412,311412
2022,2012,311421,311421
2022,2017,311421,311421
2022,2022,311421,311421
2022,2012,311422,311422
2022,2017,311422,311422
2022,2022,311422,311422
2022,2012,311423,311423
2022,2017,311423,311423
2022,2022,311423,311423
2022,2012,311511,311511
2022,2017,311511,311511
2022,2022,311511,311511
2022,2012,311512,311512
2022,2017,311512,311512
2022,2022,311512,311512
2022,2012,311513,311513
2022,2017,311513,311513
2022,2022,311513,311513
2022,2012,311514,311514
2022,2017,311514,311514
2022,2022,311514,311514
2022,2012,311520,311520
2022,2017,311520,311520
2022,2022,311520,311520
2022,2012,311611,311611
2022,2017,311611,311611
2022,2022,311611,311611
2022,2012,311612,311612
2022,2017,311612,311612
2022,2022,311612,311612
2022,2012,311613,311613
2022,2017,311613,311613
2022,2022,311613,311613
2022,2012,311615,311615
2022,2017,311615,311615
2022,2022,311615,311615
2022,2012,311710,311710
2022,2017,311710,311710
2022,2022,311710,311710
2022,2012,311811,311811
2022,2017,311811,311811
2022,2022,311811,311811
2022,2012,311812,311812
2022,2017,311812,311812
2022,2022,311812,311812
2022,2012,311813,311813
2022,2017,311813,311813
2022,2022,311813,311813
2022,2012,311821,311821
2022,2017,311821,311821
2022,2022,311821,311821
2022,2012,311824,311824
2022,2017,311824,311824
2022,2022,311824,311824
2022,2012,311830,311830
2022,2017,311830,311830
2022,2022,311830,311830
2022,2012,311911,311911
2022,2017,311911,311911
2022,2022,311911,311911
2022,2012,311919,311919
2022,2017,311919,311919
2022,2022,311919,311919
2022,2012,311920,311920
2022,2017,311920,311920
2022,2022,311920,311920
2022,2012,311930,311930
2022,2017,311930,311930
2022,2022,311930,311930
2022,2012,311941,311941
2022,2017,311941,311941
2022,2022,311941,311941
2022,2012,311942,311942
2022,2017,311942,311942
2022,2022,311942,311942
2022,2012,311991,311991
2022,2017,311991,311991
2022,2022,311991,311991
2022,2012,311999,311999
2022,2017,311999,311999
2022,2022,311999,311999
2022,2012,312111,312111
2022,2017,312111,312111
2022,2022,312111,312111
2022,2012,312112,312112
2022,2017,312112,312112
2022,2022,312112,312112
2022,2012,312113,312113
2022,2017,312113,312113
2022,2022,312113,312113
2022,2012,312120,312120
2022,2017,312120,312120
2022,2022,312120,312120
2022,2012,312130,312130
2022,2017,312130,312130
2022,2022,312130,312130
2022,2012,312140,312140
2022,2017,312140,312140
2022,2022,312140,312140
2022,2012,312230,312230
2022,2017,312230,312230
2022,2022,312230,312230
2022,2012,313110,313110
2022,2017,313110,313110
2022,2022,313110,313110
2022,2012,313210,313210
2022,2017,313210,313210
2022,2022,313210,313210
2022,2012,313220,313220
2022,2017,313220,313220
2022,2022,313220,313220
2022,2012,313230,313230
2022,2017,313230,313230
2022,2022,313230,313230
2022,2012,313240,313240
2022,2017,313240,313240
2022,2022,313240,313240
2022,2012,313310,313310
2022,2017,313310,313310
2022,2022,313310,313310
2022,2012,313320,313320
2022,2017,313320,313320
2022,2022,313320,313320
2022,2012,314110,314110
2022,2017,314110,314110
2022,2022,314110,314110
2022,2012,314120,314120
2022,2017,314120,314120
2022,2022,314120,314120
2022,2012,314910,314910
2022,2017,314910,314910
2022,2022,314910,314910
2022,2012,314994,314994
2022,2017,314994,314994
2022,2022,314994,314994
2022,2012,314999,314999
2022,2017,314999,314999
2022,2022,314999,314999
2022,2012,315110,315120
2022,2012,315190,315120
2022,2017,315110,315120
2022,2017,315190,315120
2022,2022,315120,315120
2022,2012,315210,315210
2022,2017,315210,315210
2022,2022,315210,315210
2022,2012,315220,315250
2022,2012,315240,315250
2022,2012,315280,315250
2022,2017,315220,315250
2022,2017,315240,315250
2022,2017,315280,315250
2022,2022,315250,315250
2022,2012,315990,315990
2022,2017,315990,315990
2022,2022,315990,315990
2022,2012,316110,316110
2022,2017,316110,316110
2022,2022,316110,316110
2022,2012,316210,316210
2022,2017,316210,316210
2022,2022,316210,316210
2022,2012,316992,316990
2022,2012,316998,316990
2022,2017,316992,316990
2022,2017,316998,316990
2022,2022,316990,316990
2022,2012,321113,321113
2022,2017,321113,321113
2022,2022,321113,321113
2022,2012,321114,321114
2022,2017,321114,321114
2022,2022,321114,321114
2022,2012,321211,321211
2022,2017,321211,321211
2022,2022,321211,321211
2022,2012,321212,321212
2022,2017,321212,321212
2022,2022,321212,321212
2022,2012,321213,321215
2022,2012,321214,321215
2022,2017,321213,321215
2022,2017,321214,321215
2022,2022,321215,321215
2022,2012,321219,321219
2022,2017,321219,321219
2022,2022,321219,321219
2022,2012,321911,321911
2022,2017,321911,321911
2022,2022,321911,321911
2022,2012,321912,321912
2022,2017,321912,321912
2022,2022,321912,321912
2022,2012,321918,321918
2022,2017,321918,321918
2022,2022,321918,321918
2022,2012,321920,321920
2022,2017,321920,321920
2022,2022,321920,321920
2022,2012,321991,321991
2022,2017,321991,321991
2022,2022,321991,321991
2022,2012,321992,321992
2022,2017,321992,321992
2022,2022,321992,321992
2022,2012,321999,321999
2022,2017,321999,321999
2022,2022,321999,321999
2022,2012,322110,322110
2022,2017,322110,322110
2022,2022,322110,322110
2022,2012,322121,322120
2022,2012,322122,322120
2022,2017,322121,322120
2022,2017,322122,322120
2022,2022,322120,322120
2022,2012,322130,322130
2022,2017,322130,322130
2022,2022,322130,322130
2022,2012,322211,322211
2022,2017,322211,322211
2022,2022,322211,322211
2022,2012,322212,322212
2022,2017,322212,322212
2022,2022,322212,322212
2022,2012,322219,322219
2022,2017,322219,322219
2022,2022,322219,322219
2022,2012,322220,322220
2022,2017,322220,322220
2022,2022,322220,322220
2022,2012,322230,322230
2022,2017,322230,322230
2022,2022,322230,322230
2022,2012,322291,322291
2022,2017,322291,322291
2022,2022,322291,322291
2022,2012,322299,322299
2022,2017,322299,322299
2022,2022,322299,322299
2022,2012,323111,323111
2022,2017,323111,323111
2022,2022,323111,323111
2022,2012,323113,323113
2022,2017,323113,323113
2022,2022,323113,323113
2022,2012,323117,323117
2022,2017,323117,323117
2022,2022,323117,323117
2022,2012,323120,323120
2022,2017,323120,323120
2022,2022,323120,323120
2022,2012,324110,324110
2022,2017,324110,324110
2022,2022,324110,324110
2022,2012,324121,324121
2022,2017,324121,324121
2022,2022,324121,324121
2022,2012,324122,324122
2022,2017,324122,324122
2022,2022,324122,324122
2022,2012,324191,324191
2022,2017,324191,324191
2022,2022,324191,324191
2022,2012,324199,324199
2022,2017,324199,324199
2022,2022,324199,324199
2022,2012,325110,325110
2022,2017,325110,325110
2022,2022,325110,325110
2022,2012,325120,325120
2022,2017,325120,325120
2022,2022,325120,325120
2022,2012,325130,325130
2022,2017,325130,325130
2022,2022,325130,325130
2022,2012,325180,325180
2022,2017,325180,325180
2022,2022,325180,325180
2022,2012,325193,325193
2022,2017,325193,325193
2022,2022,325193,325193
2022,2012,325194,325194
2022,2017,325194,325194
2022,2022,325194,325194
2022,2012,325199,325199
2022,2017,325199,325199
2022,2022,325199,325199
2022,2012,325211,325211
2022,2017,325211,325211
2022,2022,325211,325211
2022,2012,325212,325212
2022,2017,325212,325212
2022,2022,325212,325212
2022,2012,325220,325220
2022,2017,325220,325220
2022,2022,325220,325220
2022,2012,325311,325311
2022,2017,325311,325311
2022,2022,325311,325311
2022,2012,325312,325312
2022,2017,325312,325312
2022,2022,325312,325312
2022,2012,325314,325314
2022,2017,325314,325314
2022,2022,325314,325314
2022,2012,325314,325315
2022,2017,325314,325315
2022,2022,325315,325315
2022,2012,325320,325320
2022,2017,325320,325320
2022,2022,325320,325320
2022,2012,325411,325411
2022,2017,325411,325411
2022,2022,325411,325411
2022,2012,325412,325412
2022,2017,325412,325412
2022,2022,325412,325412
2022,2012,325413,325413
2022,2017,325413,325413
2022,2022,325413,325413
2022,2012,325414,325414
2022,2017,325414,325414
2022,2022,325414,325414
2022,2012,325510,325510
2022,2017,325510,325510
2022,2022,325510,325510
2022,2012,325520,325520
2022,2017,325520,325520
2022,2022,325520,325520
2022,2012,325611,325611
2022,2017,325611,325611
2022,2022,325611,325611
2022,2012,325612,325612
2022,2017,325612,325612
2022,2022,325612,325612
2022,2012,325613,325613
2022,2017,325613,325613
2022,2022,325613,325613
2022,2012,325620,325620
2022,2017,325620,325620
2022,2022,325620,325620
2022,2012,325910,325910
2022,2017,325910,325910
2022,2022,325910,325910
2022,2012,325920,325920
2022,2017,325920,325920
2022,2022,325920,325920
2022,2012,325991,325991
2022,2017,325991,325991
2022,2022,325991,325991
2022,2012,325992,325992
2022,2017,325992,325992
2022,2022,325992,325992
2022,2012,325998,325998
2022,2017,325998,325998
2022,2022,325998,325998
2022,2012,326111,326111
2022,2017,326111,326111
2022,2022,326111,326111
2022,2012,326112,326112
2022,2017,326112,326112
2022,2022,326112,326112
2022,2012,326113,326113
2022,2017,326113,326113
2022,2022,326113,326113
2022,2012,326121,326121
2022,2017,326121,326121
2022,2022,326121,326121
2022,2012,326122,326122
2022,2017,326122,326122
2022,2022,326122,326122
2022,2012,326130,326130
2022,2017,326130,326130
2022,2022,326130,326130
2022,2012,326140,326140
2022,2017,326140,326140
2022,2022,326140,326140
2022,2012,326150,326150
2022,2017,326150,326150
2022,2022,326150,326150
2022,2012,326160,326160
2022,2017,326160,326160
2022,2022,326160,326160
2022,2012,326191,326191
2022,2017,326191,326191
2022,2022,326191,326191
2022,2012,326199,326199
2022,2017,326199,326199
2022,2022,326199,326199
2022,2012,326211,326211
2022,2017,326211,326211
2022,2022,326211,326211
2022,2012,326212,326212
2022,2017,326212,326212
2022,2022,326212,326212
2022,2012,326220,326220
2022,2017,326220,326220
2022,2022,326220,326220
2022,2012,326291,326291
2022,2017,326291,326291
2022,2022,326291,326291
2022,2012,326299,326299
2022,2017,326299,326299
2022,2022,326299,326299
2022,2012,327110,327110
2022,2017,327110,327110
2022,2022,327110,327110
2022,2012,327120,327120
2022,2017,327120,327120
2022,2022,327120,327120
2022,2012,327211,327211
2022,2017,327211,327211
2022,2022,327211,327211
2022,2012,327212,327212
2022,2017,327212,327212
2022,2022,327212,327212
2022,2012,327213,327213
2022,2017,327213,327213
2022,2022,327213,327213
2022,2012,327215,327215
2022,2017,327215,327215
2022,2022,327215,327215
2022,2012,327310,327310
2022,2017,327310,327310
2022,2022,327310,327310
2022,2012,327320,327320
2022,2017,327320,327320
2022,2022,327320,327320
2022,2012,327331,327331
2022,2017,327331,327331
2022,2022,327331,327331
2022,2012,327332,327332
2022,2017,327332,327332
2022,2022,327332,327332
2022,2012,327390,327390
2022,2017,327390,327390
2022,2022,327390,327390
2022,2012,327410,327410
2022,2017,327410,327410
2022,2022,327410,327410
2022,2012,327420,327420
2022,2017,327420,327420
2022,2022,327420,327420
2022,2012,327910,327910
2022,2017,327910,327910
2022,2022,327910,327910
2022,2012,327991,327991
2022,2017,327991,327991
2022,2022,327991,327991
2022,2012,327992,327992
2022,2017,327992,327992
2022,2022,327992,327992
2022,2012,327993,327993
2022,2017,327993,327993
2022,2022,327993,327993
2022,2012,327999,327999
2022,2017,327999,327999
2022,2022,327999,327999
2022,2012,331110,331110
2022,2017,331110,331110
2022,2022,331110,331110
2022,2012,331210,331210
2022,2017,331210,331210
2022,2022,331210,331210
2022,2012,331221,331221
2022,2017,331221,331221
2022,2022,331221,331221
2022,2012,331222,331222
2022,2017,331222,331222
2022,2022,331222,331222
2022,2012,331313,331313
2022,2017,331313,331313
2022,2022,331313,331313
2022,2012,331314,331314
2022,2017,331314,331314
2022,2022,331314,331314
2022,2012,331315,331315
2022,2017,331315,331315
2022,2022,331315,331315
2022,2012,331318,331318
2022,2017,331318,331318
2022,2022,331318,331318
2022,2012,331410,331410
2022,2017,331410,331410
2022,2022,331410,331410
2022,2012,331420,331420
2022,2017,331420,331420
2022,2022,331420,331420
2022,2012,331491,331491
2022,2017,331491,331491
2022,2022,331491,331491
2022,2012,331492,331492
2022,2017,331492,331492
2022,2022,331492,331492
2022,2012,331511,331511
2022,2017,331511,331511
2022,2022,331511,331511
2022,2012,331512,331512
2022,2017,331512,331512
2022,2022,331512,331512
2022,2012,331513,331513
2022,2017,331513,331513
2022,2022,331513,331513
2022,2012,331523,331523
2022,2017,331523,331523
2022,2022,331523,331523
2022,2012,331524,331524
2022,2017,331524,331524
2022,2022,331524,331524
2022,2012,331529,331529
2022,2017,331529,331529
2022,2022,331529,331529
2022,2012,332111,332111
2022,2017,332111,332111
2022,2022,332111,332111
2022,2012,332112,332112
2022,2017,332112,332112
2022,2022,332112,332112
2022,2012,332114,332114
2022,2017,332114,332114
2022,2022,332114,332114
2022,2012,332117,332117
2022,2017,332117,332117
2022,2022,332117,332117
2022,2012,332119,332119
2022,2017,332119,332119
2022,2022,332119,332119
2022,2012,332215,332215
2022,2017,332215,332215
2022,2022,332215,332215
2022,2012,332216,332216
2022,2017,332216,332216
2022,2022,332216,332216
2022,2012,332311,332311
2022,2017,332311,332311
2022,2022,332311,332311
2022,2012,332312,332312
2022,2017,332312,332312
2022,2022,332312,332312
2022,2012,332313,332313
2022,2017,332313,332313
2022,2022,332313,332313
2022,2012,332321,332321
2022,2017,332321,332321
2022,2022,332321,332321
2022,2012,332322,332322
2022,2017,332322,332322
2022,2022,332322,332322
2022,2012,332323,332323
2022,2017,332323,332323
2022,2022,332323,332323
2022,2012,332410,332410
2022,2017,332410,332410
2022,2022,332410,332410
2022,2012,332420,332420
2022,2017,332420,332420
2022,2022,332420,332420
2022,2012,332431,332431
2022,2017,332431,332431
2022,2022,332431,332431
2022,2012,332439,332439
2022,2017,332439,332439
2022,2022,332439,332439
2022,2012,332510,332510
2022,2017,332510,332510
2022,2022,332510,332510
2022,2012,332613,332613
2022,2017,332613,332613
2022,2022,332613,332613
2022,2012,332618,332618
2022,2017,332618,332618
2022,2022,332618,332618
2022,2012,332710,332710
2022,2017,332710,332710
2022,2022,332710,332710
2022,2012,332721,332721
2022,2017,332721,332721
2022,2022,332721,332721
2022,2012,332722,332722
2022,2017,332722,332722
2022,2022,332722,332722
2022,2012,332811,332811
2022,2017,332811,332811
2022,2022,332811,332811
2022,2012,332812,332812
2022,2017,332812,332812
2022,2022,332812,332812
2022,2012,332813,332813
2022,2017,332813,332813
2022,2022,332813,332813
2022,2012,332911,332911
2022,2017,332911,332911
2022,2022,332911,332911
2022,2012,332912,332912
2022,2017,332912,332912
2022,2022,332912,332912
2022,2012,332913,332913
2022,2017,332913,332913
2022,2022,332913,332913
2022,2012,332919,332919
2022,2017,332919,332919
2022,2022,332919,332919
2022,2012,332991,332991
2022,2017,332991,332991
2022,2022,332991,332991
2022,2012,332992,332992
2022,2017,332992,332992
2022,2022,332992,332992
2022,2012,332993,332993
2022,2017,332993,332993
2022,2022,332993,332993
2022,2012,332994,332994
2022,2017,332994,332994
2022,2022,332994,332994
2022,2012,332996,332996
2022,2017,332996,332996
2022,2022,332996,332996
2022,2012,332999,332999
2022,2017,332999,332999
2022,2022,332999,332999
2022,2012,333111,333111
2022,2017,333111,333111
2022,2022,333111,333111
2022,2012,333112,333112
2022,2017,333112,333112
2022,2022,333112,333112
2022,2012,333120,333120
2022,2017,333120,333120
2022,2022,333120,333120
2022,2012,333131,333131
2022,2017,333131,333131
2022,2022,333131,333131
2022,2012,333132,333132
2022,2017,333132,333132
2022,2022,333132,333132
2022,2012,333241,333241
2022,2017,333241,333241
2022,2022,333241,333241
2022,2012,333242,333242
2022,2017,333242,333242
2022,2022,333242,333242
2022,2012,333243,333243
2022,2017,333243,333243
2022,2022,333243,333243
2022,2012,333244,333248
2022,2012,333249,333248
2022,2017,333244,333248
2022,2017,333249,333248
2022,2022,333248,333248
2022,2012,333314,333310
2022,2012,333316,333310
2022,2012,333318,333310
2022,2017,333314,333310
2022,2017,333316,333310
2022,2017,333318,333310
2022,2022,333310,333310
2022,2012,333413,333413
2022,2017,333413,333413
2022,2022,333413,333413
2022,2012,333414,333414
2022,2017,333414,333414
2022,2022,333414,333414
2022,2012,333415,333415
2022,2017,333415,333415
2022,2022,333415,333415
2022,2012,333511,333511
2022,2017,333511,333511
2022,2022,333511,333511
2022,2012,333514,333514
2022,2017,333514,333514
2022,2022,333514,333514
2022,2012,333515,333515
2022,2017,333515,333515
2022,2022,333515,333515
2022,2012,333517,333517
2022,2017,333517,333517
2022,2022,333517,333517
2022,2012,333519,333519
2022,2017,333519,333519
2022,2022,333519,333519
2022,2012,333611,333611
2022,2017,333611,333611
2022,2022,333611,333611
2022,2012,333612,333612
2022,2017,333612,333612
2022,2022,333612,333612
2022,2012,333613,333613
2022,2017,333613,333613
2022,2022,333613,333613
2022,2012,333618,333618
2022,2017,333618,333618
2022,2022,333618,333618
2022,2012,333912,333912
2022,2017,333912,333912
2022,2022,333912,333912
2022,2012,333911,333914
2022,2012,333913,333914
2022,2017,333914,333914
2022,2022,333914,333914
2022,2012,333921,333921
2022,2017,333921,333921
2022,2022,333921,333921
2022,2012,333922,333922
2022,2017,333922,333922
2022,2022,333922,333922
2022,2012,333923,333923
2022,2017,333923,333923
2022,2022,333923,333923
2022,2012,333924,333924
2022,2017,333924,333924
2022,2022,333924,333924
2022,2012,333991,333991
2022,2017,333991,333991
2022,2022,333991,333991
2022,2012,333992,333992
2022,2017,333992,333992
2022,2022,333992,333992
2022,2012,333993,333993
2022,2017,333993,333993
2022,2022,333993,333993
2022,2012,333994,333994
2022,2017,333994,333994
2022,2022,333994,333994
2022,2012,333995,333995
2022,2017,333995,333995
2022,2022,333995,333995
2022,2012,333996,333996
2022,2017,333996,333996
2022,2022,333996,333996
2022,2012,333997,333998
2022,2012,333999,333998
2022,2017,333997,333998
2022,2017,333999,333998
2022,2022,333998,333998
2022,2012,334111,334111
2022,2017,334111,334111
2022,2022,334111,334111
2022,2012,334112,334112
2022,2017,334112,334112
2022,2022,334112,334112
2022,2012,334118,334118
2022,2017,334118,334118
2022,2022,334118,334118
2022,2012,334210,334210
2022,2017,334210,334210
2022,2022,334210,334210
2022,2012,334220,334220
2022,2017,334220,334220
2022,2022,334220,334220
2022,2012,334290,334290
2022,2017,334290,334290
2022,2022,334290,334290
2022,2012,334310,334310
2022,2017,334310,334310
2022,2022,334310,334310
2022,2012,334412,334412
2022,2017,334412,334412
2022,2022,334412,334412
2022,2012,334413,334413
2022,2017,334413,334413
2022,2022,334413,334413
2022,2012,334416,334416
2022,2017,334416,334416
2022,2022,334416,334416
2022,2012,334417,334417
2022,2017,334417,334417
2022,2022,334417,334417
2022,2012,334418,334418
2022,2017,334418,334418
2022,2022,334418,334418
2022,2012,334419,334419
2022,2017,334419,334419
2022,2022,334419,334419
2022,2012,334510,334510
2022,2017,334510,334510
2022,2022,334510,334510
2022,2012,334511,334511
2022,2017,334511,334511
2022,2022,334511,334511
2022,2012,334512,334512
2022,2017,334512,334512
2022,2022,334512,334512
2022,2012,334513,334513
2022,2017,334513,334513
2022,2022,334513,334513
2022,2012,334514,334514
2022,2017,334514,334514
2022,2022,334514,334514
2022,2012,334515,334515
2022,2017,334515,334515
2022,2022,334515,334515
2022,2012,334516,334516
2022,2017,334516,334516
2022,2022,334516,334516
2022,2012,334517,334517
2022,2017,334517,334517
2022,2022,334517,334517
2022,2012,334519,334519
2022,2017,334519,334519
2022,2022,334519,334519
2022,2012,334613,334610
2022,2012,334614,334610
2022,2017,334613,334610
2022,2017,334614,334610
2022,2022,334610,334610
2022,2012,335121,335131
2022,2017,335121,335131
2022,2022,335131,335131
2022,2012,335122,335132
2022,2017,335122,335132
2022,2022,335132,335132
2022,2012,335110,335139
2022,2012,335129,335139
2022,2017,335110,335139
2022,2017,335129,335139
2022,2022,335139,335139
2022,2012,335210,335210
2022,2017,335210,335210
2022,2022,335210,335210
2022,2012,335221,335220
2022,2012,335222,335220
2022,2012,335224,335220
2022,2012,335228,335220
2022,2017,335220,335220
2022,2022,335220,335220
2022,2012,335311,335311
2022,2017,335311,335311
2022,2022,335311,335311
2022,2012,335312,335312
2022,2017,335312,335312
2022,2022,335312,335312
2022,2012,335313,335313
2022,2017,335313,335313
2022,2022,335313,335313
2022,2012,335314,335314
2022,2017,335314,335314
2022,2022,335314,335314
2022,2012,335911,335910
2022,2012,335912,335910
2022,2017,335911,335910
2022,2017,335912,335910
2022,2022,335910,335910
2022,2012,335921,335921
2022,2017,335921,335921
2022,2022,335921,335921
2022,2012,335929,335929
2022,2017,335929,335929
2022,2022,335929,335929
2022,2012,335931,335931
2022,2017,335931,335931
2022,2022,335931,335931
2022,2012,335932,335932
2022,2017,335932,335932
2022,2022,335932,335932
2022,2012,335991,335991
2022,2017,335991,335991
2022,2022,335991,335991
2022,2012,335999,335999
2022,2017,335999,335999
2022,2022,335999,335999
2022,2012,336111,336110
2022,2012,336112,336110
2022,2017,336111,336110
2022,2017,336112,336110
2022,2022,336110,336110
2022,2012,336120,336120
2022,2017,336120,336120
2022,2022,336120,336120
2022,2012,336211,336211
2022,2017,336211,336211
2022,2022,336211,336211
2022,2012,336212,336212
2022,2017,336212,336212
2022,2022,336212,336212
2022,2012,336213,336213
2022,2017,336213,336213
2022,2022,336213,336213
2022,2012,336214,336214
2022,2017,336214,336214
2022,2022,336214,336214
2022,2012,336310,336310
2022,2017,336310,336310
2022,2022,336310,336310
2022,2012,336320,336320
2022,2017,336320,336320
2022,2022,336320,336320
2022,2012,336330,336330
2022,2017,336330,336330
2022,2022,336330,336330
2022,2012,336340,336340
2022,2017,336340,336340
2022,2022,336340,336340
2022,2012,336350,336350
2022,2017,336350,336350
2022,2022,336350,336350
2022,2012,336360,336360
2022,2017,336360,336360
2022,2022,336360,336360
2022,2012,336370,336370
2022,2017,336370,336370
2022,2022,336370,336370
2022,2012,336390,336390
2022,2017,336390,336390
2022,2022,336390,336390
2022,2012,336411,336411
2022,2017,336411,336411
2022,2022,336411,336411
2022,2012,336412,336412
2022,2017,336412,336412
2022,2022,336412,336412
2022,2012,336413,336413
2022,2017,336413,336413
2022,2022,336413,336413
2022,2012,336414,336414
2022,2017,336414,336414
2022,2022,336414,336414
2022,2012,336415,336415
2022,2017,336415,336415
2022,2022,336415,336415
2022,2012,336419,336419
2022,2017,336419,336419
2022,2022,336419,336419
2022,2012,336510,336510
2022,2017,336510,336510
2022,2022,336510,336510
2022,2012,336611,336611
2022,2017,336611,336611
2022,2022,336611,336611
2022,2012,336612,336612
2022,2017,336612,336612
2022,2022,336612,336612
2022,2012,336991,336991
2022,2017,336991,336991
2022,2022,336991,336991
2022,2012,336992,336992
2022,2017,336992,336992
2022,2022,336992,336992
2022,2012,336999,336999
2022,2017,336999,336999
2022,2022,336999,336999
2022,2012,337110,337110
2022,2017,337110,337110
2022,2022,337110,337110
2022,2012,337121,337121
2022,2017,337121,337121
2022,2022,337121,337121
2022,2012,337122,337122
2022,2017,337122,337122
2022,2022,337122,337122
2022,2012,337124,337126
2022,2012,337125,337126
2022,2017,337124,337126
2022,2017,337125,337126
2022,2022,337126,337126
2022,2012,337127,337127
2022,2017,337127,337127
2022,2022,337127,337127
2022,2012,337211,337211
2022,2017,337211,337211
2022,2022,337211,337211
2022,2012,337212,337212
2022,2017,337212,337212
2022,2022,337212,337212
2022,2012,337214,337214
2022,2017,337214,337214
2022,2022,337214,337214
2022,2012,337215,337215
2022,2017,337215,337215
2022,2022,337215,337215
2022,2012,337910,337910
2022,2017,337910,337910
2022,2022,337910,337910
2022,2012,337920,337920
2022,2017,337920,337920
2022,2022,337920,337920
2022,2012,339112,339112
2022,2017,339112,339112
2022,2022,339112,339112
2022,2012,339113,339113
2022,2017,339113,339113
2022,2022,339113,339113
2022,2012,339114,339114
2022,2017,339114,339114
2022,2022,339114,339114
2022,2012,339115,339115
2022,2017,339115,339115
2022,2022,339115,339115
2022,2012,339116,339116
2022,2017,339116,339116
2022,2022,339116,339116
2022,2012,339910,339910
2022,2017,339910,339910
2022,2022,339910,339910
2022,2012,339920,339920
2022,2017,339920,339920
2022,2022,339920,339920
2022,2012,339930,339930
2022,2017,339930,339930
2022,2022,339930,339930
2022,2012,339940,339940
2022,2017,339940,339940
2022,2022,339940,339940
2022,2012,339950,339950
2022,2017,339950,339950
2022,2022,339950,339950
2022,2012,339991,339991
2022,2017,339991,339991
2022,2022,339991,339991
2022,2012,339992,339992
2022,2017,339992,339992
2022,2022,339992,339992
2022,2012,339993,339993
2022,2017,339993,339993
2022,2022,339993,339993
2022,2012,339994,339994
2022,2017,339994,339994
2022,2022,339994,339994
2022,2012,339995,339995
2022,2017,339995,339995
2022,2022,339995,339995
2022,2012,339999,339999
2022,2017,339999,339999
2022,2022,339999,339999
2022,2012,423110,423110
2022,2017,423110,423110
2022,2022,423110,423110
2022,2012,423120,423120
2022,2017,423120,423120
2022,2022,423120,423120
2022,2012,423130,423130
2022,2017,423130,423130
2022,2022,423130,423130
2022,2012,423140,423140
2022,2017,423140,423140
2022,2022,423140,423140
2022,2012,423210,423210
2022,2017,423210,423210
2022,2022,423210,423210
2022,2012,423220,423220
2022,2017,423220,423220
2022,2022,423220,423220
2022,2012,423310,423310
2022,2017,423310,423310
2022,2022,423310,423310
2022,2012,423320,423320
2022,2017,423320,423320
2022,2022,423320,423320
2022,2012,423330,423330
2022,2017,423330,423330
2022,2022,423330,423330
2022,2012,423390,423390
2022,2017,423390,423390
2022,2022,423390,423390
2022,2012,423410,423410
2022,2017,423410,423410
2022,2022,423410,423410
2022,2012,423420,423420
2022,2017,423420,423420
2022,2022,423420,423420
2022,2012,423430,423430
2022,2017,423430,423430
2022,2022,423430,423430
2022,2012,423440,423440
2022,2017,423440,423440
2022,2022,423440,423440
2022,2012,423450,423450
2022,2017,423450,423450
2022,2022,423450,423450
2022,2012,423460,423460
2022,2017,423460,423460
2022,2022,423460,423460
2022,2012,423490,423490
2022,2017,423490,423490
2022,2022,423490,423490
2022,2012,423510,423510
2022,2017,423510,423510
2022,2022,423510,423510
2022,2012,423520,423520
2022,2017,423520,423520
2022,2022,423520,423520
2022,2012,423610,423610
2022,2017,423610,423610
2022,2022,423610,423610
2022,2012,423620,423620
2022,2017,423620,423620
2022,2022,423620,423620
2022,2012,423690,423690
2022,2017,423690,423690
2022,2022,423690,423690
2022,2012,423710,423710
2022,2017,423710,423710
2022,2022,423710,423710
2022,2012,423720,423720
2022,2017,423720,423720
2022,2022,423720,423720
2022,2012,423730,423730
2022,2017,423730,423730
2022,2022,423730,423730
2022,2012,423740,423740
2022,2017,423740,423740
2022,2022,423740,423740
2022,2012,423810,423810
2022,2017,423810,423810
2022,2022,423810,423810
2022,2012,423820,423820
2022,2017,423820,423820
2022,2022,423820,423820
2022,2012,423830,423830
2022,2017,423830,423830
2022,2022,423830,423830
2022,2012,423840,423840
2022,2017,423840,423840
2022,2022,423840,423840
2022,2012,423850,423850
2022,2017,423850,423850
2022,2022,423850,423850
2022,2012,423860,423860
2022,2017,423860,423860
2022,2022,423860,423860
2022,2012,423910,423910
2022,2017,423910,423910
2022,2022,423910,423910
2022,2012,423920,423920
2022,2017,423920,423920
2022,2022,423920,423920
2022,2012,423930,423930
2022,2017,423930,423930
2022,2022,423930,423930
2022,2012,423940,423940
2022,2017,423940,423940
2022,2022,423940,423940
2022,2012,423990,423990
2022,2017,423990,423990
2022,2022,423990,423990
2022,2012,424110,424110
2022,2017,424110,424110
2022,2022,424110,424110
2022,2012,424120,424120
2022,2017,424120,424120
2022,2022,424120,424120
2022,2012,424130,424130
2022,2017,424130,424130
2022,2022,424130,424130
2022,2012,424210,424210
2022,2017,424210,424210
2022,2022,424210,424210
2022,2012,424310,424310
2022,2017,424310,424310
2022,2022,424310,424310
2022,2012,424340,424340
2022,2017,424340,424340
2022,2022,424340,424340
2022,2012,424320,424350
2022,2012,424330,424350
2022,2017,424320,424350
2022,2017,424330,424350
2022,2022,424350,424350
2022,2012,424410,424410
2022,2017,424410,424410
2022,2022,424410,424410
2022,2012,424420,424420
2022,2017,424420,424420
2022,2022,424420,424420
2022,2012,424430,424430
2022,2017,424430,424430
2022,2022,424430,424430
2022,2012,424440,424440
2022,2017,424440,424440
2022,2022,424440,424440
2022,2012,424450,424450
2022,2017,424450,424450
2022,2022,424450,424450
2022,2012,424460,424460
2022,2017,424460,424460
2022,2022,424460,424460
2022,2012,424470,424470
2022,2017,424470,424470
2022,2022,424470,424470
2022,2012,424480,424480
2022,2017,424480,424480
2022,2022,424480,424480
2022,2012,424490,424490
2022,2017,424490,424490
2022,2022,424490,424490
2022,2012,424510,424510
2022,2017,424510,424510
2022,2022,424510,424510
2022,2012,424520,424520
2022,2017,424520,424520
2022,2022,424520,424520
2022,2012,424590,424590
2022,2017,424590,424590
2022,2022,424590,424590
2022,2012,424610,424610
2022,2017,424610,424610
2022,2022,424610,424610
2022,2012,424690,424690
2022,2017,424690,424690
2022,2022,424690,424690
2022,2012,424710,424710
2022,2017,424710,424710
2022,2022,424710,424710
2022,2012,424720,424720
2022,2017,424720,424720
2022,2022,424720,424720
2022,2012,424810,424810
2022,2017,424810,424810
2022,2022,424810,424810
2022,2012,424820,424820
2022,2017,424820,424820
2022,2022,424820,424820
2022,2012,424910,424910
2022,2017,424910,424910
2022,2022,424910,424910
2022,2012,424920,424920
2022,2017,424920,424920
2022,2022,424920,424920
2022,2012,424930,424930
2022,2017,424930,424930
2022,2022,424930,424930
2022,2012,424940,424940
2022,2017,424940,424940
2022,2022,424940,424940
2022,2012,424950,424950
2022,2017,424950,424950
2022,2022,424950,424950
2022,2012,424990,424990
2022,2017,424990,424990
2022,2022,424990,424990
2022,2012,425120,425120
2022,2017,425120,425120
2022,2022,425120,425120
2022,2012,441110,441110
2022,2017,441110,441110
2022,2022,441110,441110
2022,2012,441120,441120
2022,2017,441120,441120
2022,2022,441120,441120
2022,2012,441210,441210
2022,2017,441210,441210
2022,2022,441210,441210
2022,2012,441222,441222
2022,2017,441222,441222
2022,2022,441222,441222
2022,2012,441228,441227
2022,2012,454111,441227
2022,2012,454112,441227
2022,2012,454113,441227
2022,2017,441228,441227
2022,2017,454110,441227
2022,2022,441227,441227
2022,2012,441310,441330
2022,2012,454111,441330
2022,2012,454112,441330
2022,2012,454113,441330
2022,2012,454390,441330
2022,2017,441310,441330
2022,2017,454110,441330
2022,2017,454390,441330
2022,2022,441330,441330
2022,2012,441320,441340
2022,2012,454111,441340
2022,2012,454112,441340
2022,2012,454113,441340
2022,2012,454390,441340
2022,2017,441320,441340
2022,2017,454110,441340
2022,2017,454390,441340
2022,2022,441340,441340
2022,2012,444110,444110
2022,2017,444110,444110
2022,2022,444110,444110
2022,2012,444120,444120
2022,2017,444120,444120
2022,2022,444120,444120
2022,2012,444130,444140
2022,2012,454111,444140
2022,2012,454112,444140
2022,2012,454113,444140
2022,2012,454390,444140
2022,2017,444130,444140
2022,2017,454110,444140
2022,2017,454390,444140
2022,2022,444140,444140
2022,2012,444190,444180
2022,2012,454111,444180
2022,2012,454112,444180
2022,2012,454113,444180
2022,2012,454390,444180
2022,2017,444190,444180
2022,2017,454110,444180
2022,2017,454390,444180
2022,2022,444180,444180
2022,2012,444210,444230
2022,2012,454111,444230
2022,2012,454112,444230
2022,2012,454113,444230
2022,2012,454390,444230
2022,2017,444210,444230
2022,2017,454110,444230
2022,2017,454390,444230
2022,2022,444230,444230
2022,2012,444220,444240
2022,2012,454111,444240
2022,2012,454112,444240
2022,2012,454113,444240
2022,2012,454390,444240
2022,2017,444220,444240
2022,2017,454110,444240
2022,2017,454390,444240
2022,2022,444240,444240
2022,2012,445110,445110
2022,2017,445110,445110
2022,2022,445110,445110
2022,2012,445120,445131
2022,2012,454111,445131
2022,2012,454112,445131
2022,2012,454113,445131
2022,2012,454390,445131
2022,2017,445120,445131
2022,2017,454110,445131
2022,2017,454390,445131
2022,2022,445131,445131
2022,2012,454210,445132
2022,2017,454210,445132
2022,2022,445132,445132
2022,2012,445230,445230
2022,2017,445230,445230
2022,2022,445230,445230
2022,2012,445210,445240
2022,2012,454111,445240
2022,2012,454112,445240
2022,2012,454113,445240
2022,2012,454390,445240
2022,2017,445210,445240
2022,2017,454110,445240
2022,2017,454390,445240
2022,2022,445240,445240
2022,2012,445220,445250
2022,2012,454111,445250
2022,2012,454112,445250
2022,2012,454113,445250
2022,2012,454390,445250
2022,2017,445220,445250
2022,2017,454110,445250
2022,2017,454390,445250
2022,2022,445250,445250
2022,2012,445291,445291
2022,2017,445291,445291
2022,2022,445291,445291
2022,2012,445292,445292
2022,2017,445292,445292
2022,2022,445292,445292
2022,2012,445299,445298
2022,2012,454111,445298
2022,2012,454112,445298
2022,2012,454113,445298
2022,2012,454390,445298
2022,2017,445299,445298
2022,2017,454110,445298
2022,2017,454390,445298
2022,2022,445298,445298
2022,2012,445310,445320
2022,2012,454111,445320
2022,2012,454112,445320
2022,2012,454113,445320
2022,2012,454390,445320
2022,2017,445310,445320
2022,2017,454110,445320
2022,2017,454390,445320
2022,2022,445320,445320
2022,2012,442110,449110
2022,2012,454111,449110
2022,2012,454112,449110
2022,2012,454113,449110
2022,2012,454390,449110
2022,2017,442110,449110
2022,2017,454110,449110
2022,2017,454390,449110
2022,2022,449110,449110
2022,2012,442210,449121
2022,2012,454111,449121
2022,2012,454112,449121
2022,2012,454113,449121
2022,2012,454390,449121
2022,2017,442210,449121
2022,2017,454110,449121
2022,2017,454390,449121
2022,2022,449121,449121
2022,2012,442291,449122
2022,2012,454111,449122
2022,2012,454112,449122
2022,2012,454113,449122
2022,2012,454390,449122
2022,2017,442291,449122
2022,2017,454110,449122
2022,2017,454390,449122
2022,2022,449122,449122
2022,2012,442299,449129
2022,2012,454111,449129
2022,2012,454112,449129
2022,2012,454113,449129
2022,2012,454390,449129
2022,2017,442299,449129
2022,2017,454110,449129
2022,2017,454390,449129
2022,2022,449129,449129
2022,2012,443141,449210
2022,2012,443142,449210
2022,2012,454111,449210
2022,2012,454112,449210
2022,2012,454113,449210
2022,2012,454390,449210
2022,2017,443141,449210
2022,2017,443142,449210
2022,2017,454110,449210
2022,2017,454390,449210
2022,2022,449210,449210
2022,2012,452111,455110
2022,2012,452112,455110
2022,2012,454111,455110
2022,2012,454112,455110
2022,2012,454113,455110
2022,2017,452210,455110
2022,2017,454110,455110
2022,2022,455110,455110
2022,2012,452910,455211
2022,2012,454111,455211
2022,2012,454112,455211
2022,2012,454113,455211
2022,2017,452311,455211
2022,2017,454110,455211
2022,2022,455211,455211
2022,2012,452990,455219
2022,2012,453998,455219
2022,2012,454111,455219
2022,2012,454112,455219
2022,2012,454113,455219
2022,2012,454390,455219
2022,2017,452319,455219
2022,2017,453998,455219
2022,2017,454110,455219
2022,2017,454390,455219
2022,2022,455219,455219
2022,2012,446110,456110
2022,2012,454111,456110
2022,2012,454112,456110
2022,2012,454113,456110
2022,2012,454390,456110
2022,2017,446110,456110
2022,2017,454110,456110
2022,2017,454390,456110
2022,2022,456110,456110
2022,2012,446120,456120
2022,2012,454111,456120
2022,2012,454112,456120
2022,2012,454113,456120
2022,2012,454390,456120
2022,2017,446120,456120
2022,2017,454110,456120
2022,2017,454390,456120
2022,2022,456120,456120
2022,2012,446130,456130
2022,2012,454111,456130
2022,2012,454112,456130
2022,2012,454113,456130
2022,2012,454390,456130
2022,2017,446130,456130
2022,2017,454110,456130
2022,2017,454390,456130
2022,2022,456130,456130
2022,2012,446191,456191
2022,2012,454111,456191
2022,2012,454112,456191
2022,2012,454113,456191
2022,2012,454390,456191
2022,2017,446191,456191
2022,2017,454110,456191
2022,2017,454390,456191
2022,2022,456191,456191
2022,2012,446199,456199
2022,2012,454111,456199
2022,2012,454112,456199
2022,2012,454113,456199
2022,2012,454390,456199
2022,2017,446199,456199
2022,2017,454110,456199
2022,2017,454390,456199
2022,2022,456199,456199
2022,2012,447110,457110
2022,2017,447110,457110
2022,2022,457110,457110
2022,2012,447190,457120
2022,2017,447190,457120
2022,2022,457120,457120
2022,2012,454310,457210
2022,2017,454310,457210
2022,2022,457210,457210
2022,2012,448110,458110
2022,2012,448120,458110
2022,2012,448130,458110
2022,2012,448140,458110
2022,2012,448150,458110
2022,2012,448190,458110
2022,2012,454111,458110
2022,2012,454112,458110
2022,2012,454113,458110
2022,2012,454390,458110
2022,2017,448110,458110
2022,2017,448120,458110
2022,2017,448130,458110
2022,2017,448140,458110
2022,2017,448150,458110
2022,2017,448190,458110
2022,2017,454110,458110
2022,2017,454390,458110
2022,2022,458110,458110
2022,2012,448210,458210
2022,2012,454111,458210
2022,2012,454112,458210
2022,2012,454113,458210
2022,2012,454390,458210
2022,2017,448210,458210
2022,2017,454110,458210
2022,2017,454390,458210
2022,2022,458210,458210
2022,2012,448310,458310
2022,2012,454111,458310
2022,2012,454112,458310
2022,2012,454113,458310
2022,2012,454390,458310
2022,2017,448310,458310
2022,2017,454110,458310
2022,2017,454390,458310
2022,2022,458310,458310
2022,2012,448320,458320
2022,2012,454111,458320
2022,2012,454112,458320
2022,2012,454113,458320
2022,2012,454390,458320
2022,2017,448320,458320
2022,2017,454110,458320
2022,2017,454390,458320
2022,2022,458320,458320
2022,2012,451110,459110
2022,2012,454111,459110
2022,2012,454112,459110
2022,2012,454113,459110
2022,2012,454390,459110
2022,2017,451110,459110
2022,2017,454110,459110
2022,2017,454390,459110
2022,2022,459110,459110
2022,2012,451120,459120
2022,2012,454111,459120
2022,2012,454112,459120
2022,2012,454113,459120
2022,2012,454390,459120
2022,2017,451120,459120
2022,2017,454110,459120
2022,2017,454390,459120
2022,2022,459120,459120
2022,2012,451130,459130
2022,2012,454111,459130
2022,2012,454112,459130
2022,2012,454113,459130
2022,2012,454390,459130
2022,2017,451130,459130
2022,2017,454110,459130
2022,2017,454390,459130
2022,2022,459130,459130
2022,2012,451140,459140
2022,2012,454111,459140
2022,2012,454112,459140
2022,2012,454113,459140
2022,2012,454390,459140
2022,2017,451140,459140
2022,2017,454110,459140
2022,2017,454390,459140
2022,2022,459140,459140
2022,2012,451211,459210
2022,2012,451212,459210
2022,2012,454111,459210
2022,2012,454112,459210
2022,2012,454113,459210
2022,2012,454390,459210
2022,2017,451211,459210
2022,2017,451212,459210
2022,2017,454110,459210
2022,2017,454390,459210
2022,2022,459210,459210
2022,2012,453110,459310
2022,2012,454111,459310
2022,2012,454112,459310
2022,2012,454113,459310
2022,2012,454390,459310
2022,2017,453110,459310
2022,2017,454110,459310
2022,2017,454390,459310
2022,2022,459310,459310
2022,2012,453210,459410
2022,2012,454111,459410
2022,2012,454112,459410
2022,2012,454113,459410
2022,2012,454390,459410
2022,2017,453210,459410
2022,2017,454110,459410
2022,2017,454390,459410
2022,2022,459410,459410
2022,2012,453220,459420
2022,2012,454111,459420
2022,2012,454112,459420
2022,2012,454113,459420
2022,2012,454390,459420
2022,2017,453220,459420
2022,2017,454110,459420
2022,2017,454390,459420
2022,2022,459420,459420
2022,2012,453310,459510
2022,2012,454111,459510
2022,2012,454112,459510
2022,2012,454113,459510
2022,2012,454390,459510
2022,2017,453310,459510
2022,2017,454110,459510
2022,2017,454390,459510
2022,2022,459510,459510
2022,2012,453910,459910
2022,2012,454111,459910
2022,2012,454112,459910
2022,2012,454113,459910
2022,2012,454390,459910
2022,2017,453910,459910
2022,2017,454110,459910
2022,2017,454390,459910
2022,2022,459910,459910
2022,2012,453920,459920
2022,2012,454111,459920
2022,2012,454112,459920
2022,2012,454113,459920
2022,2012,454390,459920
2022,2017,453920,459920
2022,2017,454110,459920
2022,2017,454390,459920
2022,2022,459920,459920
2022,2012,453930,459930
2022,2017,453930,459930
2022,2022,459930,459930
2022,2012,453991,459991
2022,2012,453998,459991
2022,2012,454111,459991
2022,2012,454112,459991
2022,2012,454113,459991
2022,2012,454390,459991
2022,2017,453991,459991
2022,2017,453998,459991
2022,2017,454110,459991
2022,2017,454390,459991
2022,2022,459991,459991
2022,2012,453998,459999
2022,2012,454111,459999
2022,2012,454112,459999
2022,2012,454113,459999
2022,2012,454390,459999
2022,2017,453998,459999
2022,2017,454110,459999
2022,2017,454390,459999
2022,2022,459999,459999
2022,2012,481111,481111
2022,2017,481111,481111
2022,2022,481111,481111
2022,2012,481112,481112
2022,2017,481112,481112
2022,2022,481112,481112
2022,2012,481211,481211
2022,2017,481211,481211
2022,2022,481211,481211
2022,2012,481212,481212
2022,2017,481212,481212
2022,2022,481212,481212
2022,2012,481219,481219
2022,2017,481219,481219
2022,2022,481219,481219
2022,2012,482111,482111
2022,2017,482111,482111
2022,2022,482111,482111
2022,2012,482112,482112
2022,2017,482112,482112
2022,2022,482112,482112
2022,2012,483111,483111
2022,2017,483111,483111
2022,2022,483111,483111
2022,2012,483112,483112
2022,2017,483112,483112
2022,2022,483112,483112
2022,2012,483113,483113
2022,2017,483113,483113
2022,2022,483113,483113
2022,2012,483114,483114
2022,2017,483114,483114
2022,2022,483114,483114
2022,2012,483211,483211
2022,2017,483211,483211
2022,2022,483211,483211
2022,2012,483212,483212
2022,2017,483212,483212
2022,2022,483212,483212
2022,2012,484110,484110
2022,2017,484110,484110
2022,2022,484110,484110
2022,2012,484121,484121
2022,2017,484121,484121
2022,2022,484121,484121
2022,2012,484122,484122
2022,2017,484122,484122
2022,2022,484122,484122
2022,2012,484210,484210
2022,2017,484210,484210
2022,2022,484210,484210
2022,2012,484220,484220
2022,2017,484220,484220
2022,2022,484220,484220
2022,2012,484230,484230
2022,2017,484230,484230
2022,2022,484230,484230
2022,2012,485111,485111
2022,2017,485111,485111
2022,2022,485111,485111
2022,2012,485112,485112
2022,2017,485112,485112
2022,2022,485112,485112
2022,2012,485113,485113
2022,2017,485113,485113
2022,2022,485113,485113
2022,2012,485119,485119
2022,2017,485119,485119
2022,2022,485119,485119
2022,2012,485210,485210
2022,2017,485210,485210
2022,2022,485210,485210
2022,2012,485310,485310
2022,2017,485310,485310
2022,2022,485310,485310
2022,2012,485320,485320
2022,2017,485320,485320
2022,2022,485320,485320
2022,2012,485410,485410
2022,2017,485410,485410
2022,2022,485410,485410
2022,2012,485510,485510
2022,2017,485510,485510
2022,2022,485510,485510
2022,2012,485991,485991
2022,2017,485991,485991
2022,2022,485991,485991
2022,2012,485999,485999
2022,2017,485999,485999
2022,2022,485999,485999
2022,2012,486110,486110
2022,2017,486110,486110
2022,2022,486110,486110
2022,2012,486210,486210
2022,2017,486210,486210
2022,2022,486210,486210
2022,2012,486910,486910
2022,2017,486910,486910
2022,2022,486910,486910
2022,2012,486990,486990
2022,2017,486990,486990
2022,2022,486990,486990
2022,2012,487110,487110
2022,2017,487110,487110
2022,2022,487110,487110
2022,2012,487210,487210
2022,2017,487210,487210
2022,2022,487210,487210
2022,2012,487990,487990
2022,2017,487990,487990
2022,2022,487990,487990
2022,2012,488111,488111
2022,2017,488111,488111
2022,2022,488111,488111
2022,2012,488119,488119
2022,2017,488119,488119
2022,2022,488119,488119
2022,2012,488190,488190
2022,2017,488190,488190
2022,2022,488190,488190
2022,2012,488210,488210
2022,2017,488210,488210
2022,2022,488210,488210
2022,2012,488310,488310
2022,2017,488310,488310
2022,2022,488310,488310
2022,2012,488320,488320
2022,2017,488320,488320
2022,2022,488320,488320
2022,2012,488330,488330
2022,2017,488330,488330
2022,2022,488330,488330
2022,2012,488390,488390
2022,2017,488390,488390
2022,2022,488390,488390
2022,2012,488410,488410
2022,2017,488410,488410
2022,2022,488410,488410
2022,2012,488490,488490
2022,2017,488490,488490
2022,2022,488490,488490
2022,2012,488510,488510
2022,2017,488510,488510
2022,2022,488510,488510
2022,2012,488991,488991
2022,2017,488991,488991
2022,2022,488991,488991
2022,2012,488999,488999
2022,2017,488999,488999
2022,2022,488999,488999
2022,2012,491110,491110
2022,2017,491110,491110
2022,2022,491110,491110
2022,2012,492110,492110
2022,2017,492110,492110
2022,2022,492110,492110
2022,2012,492210,492210
2022,2017,492210,492210
2022,2022,492210,492210
2022,2012,493110,493110
2022,2017,493110,493110
2022,2022,493110,493110
2022,2012,493120,493120
2022,2017,493120,493120
2022,2022,493120,493120
2022,2012,493130,493130
2022,2017,493130,493130
2022,2022,493130,493130
2022,2012,493190,493190
2022,2017,493190,493190
2022,2022,493190,493190
2022,2012,512110,512110
2022,2017,512110,512110
2022,2022,512110,512110
2022,2012,512120,512120
2022,2017,512120,512120
2022,2022,512120,512120
2022,2012,512131,512131
2022,2017,512131,512131
2022,2022,512131,512131
2022,2012,512132,512132
2022,2017,512132,512132
2022,2022,512132,512132
2022,2012,512191,512191
2022,2017,512191,512191
2022,2022,512191,512191
2022,2012,512199,512199
2022,2017,512199,512199
2022,2022,512199,512199
2022,2012,512230,512230
2022,2017,512230,512230
2022,2022,512230,512230
2022,2012,512240,512240
2022,2017,512240,512240
2022,2022,512240,512240
2022,2012,512210,512250
2022,2012,512220,512250
2022,2017,512250,512250
2022,2022,512250,512250
2022,2012,512290,512290
2022,2017,512290,512290
2022,2022,512290,512290
2022,2012,511110,513110
2022,2012,519130,513110
2022,2017,511110,513110
2022,2017,519130,513110
2022,2022,513110,513110
2022,2012,511120,513120
2022,2012,519130,513120
2022,2017,511120,513120
2022,2017,519130,513120
2022,2022,513120,513120
2022,2012,511130,513130
2022,2012,519130,513130
2022,2017,511130,513130
2022,2017,519130,513130
2022,2022,513130,513130
2022,2012,511140,513140
2022,2012,519130,513140
2022,2017,511140,513140
2022,2017,519130,513140
2022,2022,513140,513140
2022,2012,511191,513191
2022,2012,519130,513191
2022,2017,511191,513191
2022,2017,519130,513191
2022,2022,513191,513191
2022,2012,511199,513199
2022,2012,519130,513199
2022,2017,511199,513199
2022,2017,519130,513199
2022,2022,513199,513199
2022,2012,511210,513210
2022,2017,511210,513210
2022,2022,513210,513210
2022,2012,519130,516110
2022,2017,519130,516110
2022,2022,516110,516110
2022,2012,515120,516120
2022,2017,515120,516120
2022,2022,516120,516120
2022,2012,515111,516210
2022,2012,515120,516210
2022,2012,515210,516210
2022,2012,519110,516210
2022,2012,519130,516210
2022,2017,515111,516210
2022,2017,515120,516210
2022,2017,515210,516210
2022,2017,519110,516210
2022,2017,519130,516210
2022,2022,516210,516210
2022,2012,517110,517111
2022,2017,517311,517111
2022,2022,517111,517111
2022,2012,517210,517112
2022,2017,517312,517112
2022,2022,517112,517112
2022,2012,517911,517121
2022,2017,517911,517121
2022,2022,517121,517121
2022,2012,517210,517122
2022,2012,517911,517122
2022,2017,517312,517122
2022,2017,517911,517122
2022,2022,517122,517122
2022,2012,517410,517410
2022,2017,517410,517410
2022,2022,517410,517410
2022,2012,517919,517810
2022,2017,517919,517810
2022,2022,517810,517810
2022,2012,518210,518210
2022,2017,518210,518210
2022,2022,518210,518210
2022,2012,519120,519210
2022,2017,519120,519210
2022,2022,519210,519210
2022,2012,519130,519290
2022,2012,519190,519290
2022,2017,519130,519290
2022,2017,519190,519290
2022,2022,519290,519290
2022,2012,521110,521110
2022,2017,521110,521110
2022,2022,521110,521110
2022,2012,522110,522110
2022,2017,522110,522110
2022,2022,522110,522110
2022,2012,522130,522130
2022,2017,522130,522130
2022,2022,522130,522130
2022,2012,522120,522180
2022,2012,522190,522180
2022,2017,522120,522180
2022,2017,522190,522180
2022,2022,522180,522180
2022,2012,522210,522210
2022,2017,522210,522210
2022,2022,522210,522210
2022,2012,522220,522220
2022,2017,522220,522220
2022,2022,522220,522220
2022,2012,522291,522291
2022,2017,522291,522291
2022,2022,522291,522291
2022,2012,522292,522292
2022,2017,522292,522292
2022,2022,522292,522292
2022,2012,522293,522299
2022,2012,522294,522299
2022,2012,522298,522299
2022,2017,522293,522299
2022,2017,522294,522299
2022,2017,522298,522299
2022,2022,522299,522299
2022,2012,522310,522310
2022,2017,522310,522310
2022,2022,522310,522310
2022,2012,522320,522320
2022,2017,522320,522320
2022,2022,522320,522320
2022,2012,522390,522390
2022,2017,522390,522390
2022,2022,522390,522390
2022,2012,523110,523150
2022,2012,523120,523150
2022,2017,523110,523150
2022,2017,523120,523150
2022,2022,523150,523150
2022,2012,523130,523160
2022,2012,523140,523160
2022,2017,523130,523160
2022,2017,523140,523160
2022,2022,523160,523160
2022,2012,523210,523210
2022,2017,523210,523210
2022,2022,523210,523210
2022,2012,523910,523910
2022,2017,523910,523910
2022,2022,523910,523910
2022,2012,523920,523940
2022,2012,523930,523940
2022,2017,523920,523940
2022,2017,523930,523940
2022,2022,523940,523940
2022,2012,523991,523991
2022,2017,523991,523991
2022,2022,523991,523991
2022,2012,523999,523999
2022,2017,523999,523999
2022,2022,523999,523999
2022,2012,524113,524113
2022,2017,524113,524113
2022,2022,524113,524113
2022,2012,524114,524114
2022,2017,524114,524114
2022,2022,524114,524114
2022,2012,524126,524126
2022,2017,524126,524126
2022,2022,524126,524126
2022,2012,524127,524127
2022,2017,524127,524127
2022,2022,524127,524127
2022,2012,524128,524128
2022,2017,524128,524128
2022,2022,524128,524128
2022,2012,524130,524130
2022,2017,524130,524130
2022,2022,524130,524130
2022,2012,524210,524210
2022,2017,524210,524210
2022,2022,524210,524210
2022,2012,524291,524291
2022,2017,524291,524291
2022,2022,524291,524291
2022,2012,524292,524292
2022,2017,524292,524292
2022,2022,524292,524292
2022,2012,524298,524298
2022,2017,524298,524298
2022,2022,524298,524298
2022,2012,525110,525110
2022,2017,525110,525110
2022,2022,525110,525110
2022,2012,525120,525120
2022,2017,525120,525120
2022,2022,525120,525120
2022,2012,525190,525190
2022,2017,525190,525190
2022,2022,525190,525190
2022,2012,525910,525910
2022,2017,525910,525910
2022,2022,525910,525910
2022,2012,525920,525920
2022,2017,525920,525920
2022,2022,525920,525920
2022,2012,525990,525990
2022,2017,525990,525990
2022,2022,525990,525990
2022,2012,531110,531110
2022,2017,531110,531110
2022,2022,531110,531110
2022,2012,531120,531120
2022,2017,531120,531120
2022,2022,531120,531120
2022,2012,531130,531130
2022,2017,531130,531130
2022,2022,531130,531130
2022,2012,531190,531190
2022,2017,531190,531190
2022,2022,531190,531190
2022,2012,531210,531210
2022,2017,531210,531210
2022,2022,531210,531210
2022,2012,531311,531311
2022,2017,531311,531311
2022,2022,531311,531311
2022,2012,531312,531312
2022,2017,531312,531312
2022,2022,531312,531312
2022,2012,531320,531320
2022,2017,531320,531320
2022,2022,531320,531320
2022,2012,531390,531390
2022,2017,531390,531390
2022,2022,531390,531390
2022,2012,532111,532111
2022,2017,532111,532111
2022,2022,532111,532111
2022,2012,532112,532112
2022,2017,532112,532112
2022,2022,532112,532112
2022,2012,532120,532120
2022,2017,532120,532120
2022,2022,532120,532120
2022,2012,532210,532210
2022,2017,532210,532210
2022,2022,532210,532210
2022,2012,532220,532281
2022,2017,532281,532281
2022,2022,532281,532281
2022,2012,532230,532282
2022,2017,532282,532282
2022,2022,532282,532282
2022,2012,532291,532283
2022,2017,532283,532283
2022,2022,532283,532283
2022,2012,532292,532284
2022,2017,532284,532284
2022,2022,532284,532284
2022,2012,532299,532289
2022,2017,532289,532289
2022,2022,532289,532289
2022,2012,532310,532310
2022,2017,532310,532310
2022,2022,532310,532310
2022,2012,532411,532411
2022,2017,532411,532411
2022,2022,532411,532411
2022,2012,532412,532412
2022,2017,532412,532412
2022,2022,532412,532412
2022,2012,532420,532420
2022,2017,532420,532420
2022,2022,532420,532420
2022,2012,532490,532490
2022,2017,532490,532490
2022,2022,532490,532490
2022,2012,533110,533110
2022,2017,533110,533110
2022,2022,533110,533110
2022,2012,541110,541110
2022,2017,541110,541110
2022,2022,541110,541110
2022,2012,541120,541120
2022,2017,541120,541120
2022,2022,541120,541120
2022,2012,541191,541191
2022,2017,541191,541191
2022,2022,541191,541191
2022,2012,541199,541199
2022,2017,541199,541199
2022,2022,541199,541199
2022,2012,541211,541211
2022,2017,541211,541211
2022,2022,541211,541211
2022,2012,541213,541213
2022,2017,541213,541213
2022,2022,541213,541213
2022,2012,541214,541214
2022,2017,541214,541214
2022,2022,541214,541214
2022,2012,541219,541219
2022,2017,541219,541219
2022,2022,541219,541219
2022,2012,541310,541310
2022,2017,541310,541310
2022,2022,541310,541310
2022,2012,541320,541320
2022,2017,541320,541320
2022,2022,541320,541320
2022,2012,541330,541330
2022,2017,541330,541330
2022,2022,541330,541330
2022,2012,541340,541340
2022,2017,541340,541340
2022,2022,541340,541340
2022,2012,541350,541350
2022,2017,541350,541350
2022,2022,541350,541350
2022,2012,541360,541360
2022,2017,541360,541360
2022,2022,541360,541360
2022,2012,541370,541370
2022,2017,541370,541370
2022,2022,541370,541370
2022,2012,541380,541380
2022,2017,541380,541380
2022,2022,541380,541380
2022,2012,541410,541410
2022,2017,541410,541410
2022,2022,541410,541410
2022,2012,541420,541420
2022,2017,541420,541420
2022,2022,541420,541420
2022,2012,541430,541430
2022,2017,541430,541430
2022,2022,541430,541430
2022,2012,541490,541490
2022,2017,541490,541490
2022,2022,541490,541490
2022,2012,541511,541511
2022,2017,541511,541511
2022,2022,541511,541511
2022,2012,541512,541512
2022,2017,541512,541512
2022,2022,541512,541512
2022,2012,541513,541513
2022,2017,541513,541513
2022,2022,541513,541513
2022,2012,541519,541519
2022,2017,541519,541519
2022,2022,541519,541519
2022,2012,541611,541611
2022,2017,541611,541611
2022,2022,541611,541611
2022,2012,541612,541612
2022,2017,541612,541612
2022,2022,541612,541612
2022,2012,541613,541613
2022,2017,541613,541613
2022,2022,541613,541613
2022,2012,541614,541614
2022,2017,541614,541614
2022,2022,541614,541614
2022,2012,541618,541618
2022,2017,541618,541618
2022,2022,541618,541618
2022,2012,541620,541620
2022,2017,541620,541620
2022,2022,541620,541620
2022,2012,541690,541690
2022,2017,541690,541690
2022,2022,541690,541690
2022,2017,541713,541713
2022,2022,541713,541713
2022,2012,541711,541714
2022,2017,541714,541714
2022,2022,541714,541714
2022,2012,541712,541715
2022,2017,541715,541715
2022,2022,541715,541715
2022,2012,541720,541720
2022,2017,541720,541720
2022,2022,541720,541720
2022,2012,541810,541810
2022,2017,541810,541810
2022,2022,541810,541810
2022,2012,541820,541820
2022,2017,541820,541820
2022,2022,541820,541820
2022,2012,541830,541830
2022,2017,541830,541830
2022,2022,541830,541830
2022,2012,541840,541840
2022,2017,541840,541840
2022,2022,541840,541840
2022,2012,541850,541850
2022,2017,541850,541850
2022,2022,541850,541850
2022,2012,541860,541860
2022,2017,541860,541860
2022,2022,541860,541860
2022,2012,541870,541870
2022,2017,541870,541870
2022,2022,541870,541870
2022,2012,541890,541890
2022,2017,541890,541890
2022,2022,541890,541890
2022,2012,541910,541910
2022,2017,541910,541910
2022,2022,541910,541910
2022,2012,541921,541921
2022,2017,541921,541921
2022,2022,541921,541921
2022,2012,541922,541922
2022,2017,541922,541922
2022,2022,541922,541922
2022,2012,541930,541930
2022,2017,541930,541930
2022,2022,541930,541930
2022,2012,541940,541940
2022,2017,541940,541940
2022,2022,541940,541940
2022,2012,541990,541990
2022,2017,541990,541990
2022,2022,541990,541990
2022,2012,551111,551111
2022,2017,551111,551111
2022,2022,551111,551111
2022,2012,551112,551112
2022,2017,551112,551112
2022,2022,551112,551112
2022,2012,551114,551114
2022,2017,551114,551114
2022,2022,551114,551114
2022,2012,561110,561110
2022,2017,561110,561110
2022,2022,561110,561110
2022,2012,561210,561210
2022,2017,561210,561210
2022,2022,561210,561210
2022,2012,561311,561311
2022,2017,561311,561311
2022,2022,561311,561311
2022,2012,561312,561312
2022,2017,561312,561312
2022,2022,561312,561312
2022,2012,561320,561320
2022,2017,561320,561320
2022,2022,561320,561320
2022,2012,561330,561330
2022,2017,561330,561330
2022,2022,561330,561330
2022,2012,561410,561410
2022,2017,561410,561410
2022,2022,561410,561410
2022,2012,561421,561421
2022,2017,561421,561421
2022,2022,561421,561421
2022,2012,561422,561422
2022,2017,561422,561422
2022,2022,561422,561422
2022,2012,561431,561431
2022,2017,561431,561431
2022,2022,561431,561431
2022,2012,561439,561439
2022,2017,561439,561439
2022,2022,561439,561439
2022,2012,561440,561440
2022,2017,561440,561440
2022,2022,561440,561440
2022,2012,561450,561450
2022,2017,561450,561450
2022,2022,561450,561450
2022,2012,561491,561491
2022,2017,561491,561491
2022,2022,561491,561491
2022,2012,561492,561492
2022,2017,561492,561492
2022,2022,561492,561492
2022,2012,561499,561499
2022,2017,561499,561499
2022,2022,561499,561499
2022,2012,561510,561510
2022,2017,561510,561510
2022,2022,561510,561510
2022,2012,561520,561520
2022,2017,561520,561520
2022,2022,561520,561520
2022,2012,561591,561591
2022,2017,561591,561591
2022,2022,561591,561591
2022,2012,561599,561599
2022,2017,561599,561599
2022,2022,561599,561599
2022,2012,561611,561611
2022,2017,561611,561611
2022,2022,561611,561611
2022,2012,561612,561612
2022,2017,561612,561612
2022,2022,561612,561612
2022,2012,561613,561613
2022,2017,561613,561613
2022,2022,561613,561613
2022,2012,561621,561621
2022,2017,561621,561621
2022,2022,561621,561621
2022,2012,561622,561622
2022,2017,561622,561622
2022,2022,561622,561622
2022,2012,561710,561710
2022,2017,561710,561710
2022,2022,561710,561710
2022,2012,561720,561720
2022,2017,561720,561720
2022,2022,561720,561720
2022,2012,561730,561730
2022,2017,561730,561730
2022,2022,561730,561730
2022,2012,561740,561740
2022,2017,561740,561740
2022,2022,561740,561740
2022,2012,561790,561790
2022,2017,561790,561790
2022,2022,561790,561790
2022,2012,561910,561910
2022,2017,561910,561910
2022,2022,561910,561910
2022,2012,561920,561920
2022,2017,561920,561920
2022,2022,561920,561920
2022,2012,561990,561990
2022,2017,561990,561990
2022,2022,561990,561990
2022,2012,562111,562111
2022,2017,562111,562111
2022,2022,562111,562111
2022,2012,562112,562112
2022,2017,562112,562112
2022,2022,562112,562112
2022,2012,562119,562119
2022,2017,562119,562119
2022,2022,562119,562119
2022,2012,562211,562211
2022,2017,562211,562211
2022,2022,562211,562211
2022,2012,562212,562212
2022,2017,562212,562212
2022,2022,562212,562212
2022,2012,562213,562213
2022,2017,562213,562213
2022,2022,562213,562213
2022,2012,562219,562219
2022,2017,562219,562219
2022,2022,562219,562219
2022,2012,562910,562910
2022,2017,562910,562910
2022,2022,562910,562910
2022,2012,562920,562920
2022,2017,562920,562920
2022,2022,562920,562920
2022,2012,562991,562991
2022,2017,562991,562991
2022,2022,562991,562991
2022,2012,562998,562998
2022,2017,562998,562998
2022,2022,562998,562998
2022,2012,611110,611110
2022,2017,611110,611110
2022,2022,611110,611110
2022,2012,611210,611210
2022,2017,611210,611210
2022,2022,611210,611210
2022,2012,611310,611310
2022,2017,611310,611310
2022,2022,611310,611310
2022,2012,611410,611410
2022,2017,611410,611410
2022,2022,611410,611410
2022,2012,611420,611420
2022,2017,611420,611420
2022,2022,611420,611420
2022,2012,611430,611430
2022,2017,611430,611430
2022,2022,611430,611430
2022,2012,611511,611511
2022,2017,611511,611511
2022,2022,611511,611511
2022,2012,611512,611512
2022,2017,611512,611512
2022,2022,611512,611512
2022,2012,611513,611513
2022,2017,611513,611513
2022,2022,611513,611513
2022,2012,611519,611519
2022,2017,611519,611519
2022,2022,611519,611519
2022,2012,611610,611610
2022,2017,611610,611610
2022,2022,611610,611610
2022,2012,611620,611620
2022,2017,611620,611620
2022,2022,611620,611620
2022,2012,611630,611630
2022,2017,611630,611630
2022,2022,611630,611630
2022,2012,611691,611691
2022,2017,611691,611691
2022,2022,611691,611691
2022,2012,611692,611692
2022,2017,611692,611692
2022,2022,611692,611692
2022,2012,611699,611699
2022,2017,611699,611699
2022,2022,611699,611699
2022,2012,611710,611710
2022,2017,611710,611710
2022,2022,611710,611710
2022,2012,621111,621111
2022,2017,621111,621111
2022,2022,621111,621111
2022,2012,621112,621112
2022,2017,621112,621112
2022,2022,621112,621112
2022,2012,621210,621210
2022,2017,621210,621210
2022,2022,621210,621210
2022,2012,621310,621310
2022,2017,621310,621310
2022,2022,621310,621310
2022,2012,621320,621320
2022,2017,621320,621320
2022,2022,621320,621320
2022,2012,621330,621330
2022,2017,621330,621330
2022,2022,621330,621330
2022,2012,621340,621340
2022,2017,621340,621340
2022,2022,621340,621340
2022,2012,621391,621391
2022,2017,621391,621391
2022,2022,621391,621391
2022,2012,621399,621399
2022,2017,621399,621399
2022,2022,621399,621399
2022,2012,621410,621410
2022,2017,621410,621410
2022,2022,621410,621410
2022,2012,621420,621420
2022,2017,621420,621420
2022,2022,621420,621420
2022,2012,621491,621491
2022,2017,621491,621491
2022,2022,621491,621491
2022,2012,621492,621492
2022,2017,621492,621492
2022,2022,621492,621492
2022,2012,621493,621493
2022,2017,621493,621493
2022,2022,621493,621493
2022,2012,621498,621498
2022,2017,621498,621498
2022,2022,621498,621498
2022,2012,621511,621511
2022,2017,621511,621511
2022,2022,621511,621511
2022,2012,621512,621512
2022,2017,621512,621512
2022,2022,621512,621512
2022,2012,621610,621610
2022,2017,621610,621610
2022,2022,621610,621610
2022,2012,621910,621910
2022,2017,621910,621910
2022,2022,621910,621910
2022,2012,621991,621991
2022,2017,621991,621991
2022,2022,621991,621991
2022,2012,621999,621999
2022,2017,621999,621999
2022,2022,621999,621999
2022,2012,622110,622110
2022,2017,622110,622110
2022,2022,622110,622110
2022,2012,622210,622210
2022,2017,622210,622210
2022,2022,622210,622210
2022,2012,622310,622310
2022,2017,622310,622310
2022,2022,622310,622310
2022,2012,623110,623110
2022,2017,623110,623110
2022,2022,623110,623110
2022,2012,623210,623210
2022,2017,623210,623210
2022,2022,623210,623210
2022,2012,623220,623220
2022,2017,623220,623220
2022,2022,623220,623220
2022,2012,623311,623311
2022,2017,623311,623311
2022,2022,623311,623311
2022,2012,623312,623312
2022,2017,623312,623312
2022,2022,623312,623312
2022,2012,623990,623990
2022,2017,623990,623990
2022,2022,623990,623990
2022,2012,624110,624110
2022,2017,624110,624110
2022,2022,624110,624110
2022,2012,624120,624120
2022,2017,624120,624120
2022,2022,624120,624120
2022,2012,624190,624190
2022,2017,624190,624190
2022,2022,624190,624190
2022,2012,624210,624210
2022,2017,624210,624210
2022,2022,624210,624210
2022,2012,624221,624221
2022,2017,624221,624221
2022,2022,624221,624221
2022,2012,624229,624229
2022,2017,624229,624229
2022,2022,624229,624229
2022,2012,624230,624230
2022,2017,624230,624230
2022,2022,624230,624230
2022,2012,624310,624310
2022,2017,624310,624310
2022,2022,624310,624310
2022,2012,624410,624410
2022,2017,624410,624410
2022,2022,624410,624410
2022,2012,711110,711110
2022,2017,711110,711110
2022,2022,711110,711110
2022,2012,711120,711120
2022,2017,711120,711120
2022,2022,711120,711120
2022,2012,711130,711130
2022,2017,711130,711130
2022,2022,711130,711130
2022,2012,711190,711190
2022,2017,711190,711190
2022,2022,711190,711190
2022,2012,711211,711211
2022,2017,711211,711211
2022,2022,711211,711211
2022,2012,711212,711212
2022,2017,711212,711212
2022,2022,711212,711212
2022,2012,711219,711219
2022,2017,711219,711219
2022,2022,711219,711219
2022,2012,711310,711310
2022,2017,711310,711310
2022,2022,711310,711310
2022,2012,711320,711320
2022,2017,711320,711320
2022,2022,711320,711320
2022,2012,711410,711410
2022,2017,711410,711410
2022,2022,711410,711410
2022,2012,711510,711510
2022,2017,711510,711510
2022,2022,711510,711510
2022,2012,712110,712110
2022,2017,712110,712110
2022,2022,712110,712110
2022,2012,712120,712120
2022,2017,712120,712120
2022,2022,712120,712120
2022,2012,712130,712130
2022,2017,712130,712130
2022,2022,712130,712130
2022,2012,712190,712190
2022,2017,712190,712190
2022,2022,712190,712190
2022,2012,713110,713110
2022,2017,713110,713110
2022,2022,713110,713110
2022,2012,713120,713120
2022,2017,713120,713120
2022,2022,713120,713120
2022,2012,713210,713210
2022,2017,713210,713210
2022,2022,713210,713210
2022,2012,713290,713290
2022,2017,713290,713290
2022,2022,713290,713290
2022,2012,713910,713910
2022,2017,713910,713910
2022,2022,713910,713910
2022,2012,713920,713920
2022,2017,713920,713920
2022,2022,713920,713920
2022,2012,713930,713930
2022,2017,713930,713930
2022,2022,713930,713930
2022,2012,713940,713940
2022,2017,713940,713940
2022,2022,713940,713940
2022,2012,713950,713950
2022,2017,713950,713950
2022,2022,713950,713950
2022,2012,713990,713990
2022,2017,713990,713990
2022,2022,713990,713990
2022,2012,721110,721110
2022,2017,721110,721110
2022,2022,721110,721110
2022,2012,721120,721120
2022,2017,721120,721120
2022,2022,721120,721120
2022,2012,721191,721191
2022,2017,721191,721191
2022,2022,721191,721191
2022,2012,721199,721199
2022,2017,721199,721199
2022,2022,721199,721199
2022,2012,721211,721211
2022,2017,721211,721211
2022,2022,721211,721211
2022,2012,721214,721214
2022,2017,721214,721214
2022,2022,721214,721214
2022,2012,721310,721310
2022,2017,721310,721310
2022,2022,721310,721310
2022,2012,722310,722310
2022,2017,722310,722310
2022,2022,722310,722310
2022,2012,722320,722320
2022,2017,722320,722320
2022,2022,722320,722320
2022,2012,722330,722330
2022,2017,722330,722330
2022,2022,722330,722330
2022,2012,722410,722410
2022,2017,722410,722410
2022,2022,722410,722410
2022,2012,722511,722511
2022,2017,722511,722511
2022,2022,722511,722511
2022,2012,722513,722513
2022,2017,722513,722513
2022,2022,722513,722513
2022,2012,722514,722514
2022,2017,722514,722514
2022,2022,722514,722514
2022,2012,722515,722515
2022,2017,722515,722515
2022,2022,722515,722515
2022,2012,811111,811111
2022,2017,811111,811111
2022,2022,811111,811111
2022,2012,811112,811114
2022,2012,811113,811114
2022,2012,811118,811114
2022,2017,811112,811114
2022,2017,811113,811114
2022,2017,811118,811114
2022,2022,811114,811114
2022,2012,811121,811121
2022,2017,811121,811121
2022,2022,811121,811121
2022,2012,811122,811122
2022,2017,811122,811122
2022,2022,811122,811122
2022,2012,811191,811191
2022,2017,811191,811191
2022,2022,811191,811191
2022,2012,811192,811192
2022,2017,811192,811192
2022,2022,811192,811192
2022,2012,811198,811198
2022,2017,811198,811198
2022,2022,811198,811198
2022,2012,811211,811210
2022,2012,811212,811210
2022,2012,811213,811210
2022,2012,811219,811210
2022,2017,811211,811210
2022,2017,811212,811210
2022,2017,811213,811210
2022,2017,811219,811210
2022,2022,811210,811210
2022,2012,811310,811310
2022,2017,811310,811310
2022,2022,811310,811310
2022,2012,811411,811411
2022,2017,811411,811411
2022,2022,811411,811411
2022,2012,811412,811412
2022,2017,811412,811412
2022,2022,811412,811412
2022,2012,811420,811420
2022,2017,811420,811420
2022,2022,811420,811420
2022,2012,811430,811430
2022,2017,811430,811430
2022,2022,811430,811430
2022,2012,811490,811490
2022,2017,811490,811490
2022,2022,811490,811490
2022,2012,812111,812111
2022,2017,812111,812111
2022,2022,812111,812111
2022,2012,812112,812112
2022,2017,812112,812112
2022,2022,812112,812112
2022,2012,812113,812113
2022,2017,812113,812113
2022,2022,812113,812113
2022,2012,812191,812191
2022,2017,812191,812191
2022,2022,812191,812191
2022,2012,812199,812199
2022,2017,812199,812199
2022,2022,812199,812199
2022,2012,812210,812210
2022,2017,812210,812210
2022,2022,812210,812210
2022,2012,812220,812220
2022,2017,812220,812220
2022,2022,812220,812220
2022,2012,812310,812310
2022,2017,812310,812310
2022,2022,812310,812310
2022,2012,812320,812320
2022,2017,812320,812320
2022,2022,812320,812320
2022,2012,812331,812331
2022,2017,812331,812331
2022,2022,812331,812331
2022,2012,812332,812332
2022,2017,812332,812332
2022,2022,812332,812332
2022,2012,812910,812910
2022,2017,812910,812910
2022,2022,812910,812910
2022,2012,812921,812921
2022,2017,812921,812921
2022,2022,812921,812921
2022,2012,812922,812922
2022,2017,812922,812922
2022,2022,812922,812922
2022,2012,812930,812930
2022,2017,812930,812930
2022,2022,812930,812930
2022,2012,812990,812990
2022,2017,812990,812990
2022,2022,812990,812990
2022,2012,813110,813110
2022,2017,813110,813110
2022,2022,813110,813110
2022,2012,813211,813211
2022,2017,813211,813211
2022,2022,813211,813211
2022,2012,813212,813212
2022,2017,813212,813212
2022,2022,813212,813212
2022,2012,813219,813219
2022,2017,813219,813219
2022,2022,813219,813219
2022,2012,813311,813311
2022,2017,813311,813311
2022,2022,813311,813311
2022,2012,813312,813312
2022,2017,813312,813312
2022,2022,813312,813312
2022,2012,813319,813319
2022,2017,813319,813319
2022,2022,813319,813319
2022,2012,813410,813410
2022,2017,813410,813410
2022,2022,813410,813410
2022,2012,813910,813910
2022,2017,813910,813910
2022,2022,813910,813910
2022,2012,813920,813920
2022,2017,813920,813920
2022,2022,813920,813920
2022,2012,813930,813930
2022,2017,813930,813930
2022,2022,813930,813930
2022,2012,813940,813940
2022,2017,813940,813940
2022,2022,813940,813940
2022,2012,813990,813990
2022,2017,813990,813990
2022,2022,813990,813990
2022,2012,814110,814110
2022,2017,814110,814110
2022,2022,814110,814110
2022,2012,921110,921110
2022,2017,921110,921110
2022,2022,921110,921110
2022,2012,921120,921120
2022,2017,921120,921120
2022,2022,921120,921120
2022,2012,921130,921130
2022,2017,921130,921130
2022,2022,921130,921130
2022,2012,921140,921140
2022,2017,921140,921140
2022,2022,921140,921140
2022,2012,921150,921150
2022,2017,921150,921150
2022,2022,921150,921150
2022,2012,921190,921190
2022,2017,921190,921190
2022,2022,921190,921190
2022,2012,922110,922110
2022,2017,922110,922110
2022,2022,922110,922110
2022,2012,922120,922120
2022,2017,922120,922120
2022,2022,922120,922120
2022,2012,922130,922130
2022,2017,922130,922130
2022,2022,922130,922130
2022,2012,922140,922140
2022,2017,922140,922140
2022,2022,922140,922140
2022,2012,922150,922150
2022,2017,922150,922150
2022,2022,922150,922150
2022,2012,922160,922160
2022,2017,922160,922160
2022,2022,922160,922160
2022,2012,922190,922190
2022,2017,922190,922190
2022,2022,922190,922190
2022,2012,923110,923110
2022,2017,923110,923110
2022,2022,923110,923110
2022,2012,923120,923120
2022,2017,923120,923120
2022,2022,923120,923120
2022,2012,923130,923130
2022,2017,923130,923130
2022,2022,923130,923130
2022,2012,923140,923140
2022,2017,923140,923140
2022,2022,923140,923140
2022,2012,924110,924110
2022,2017,924110,924110
2022,2022,924110,924110
2022,2012,924120,924120
2022,2017,924120,924120
2022,2022,924120,924120
2022,2012,925110,925110
2022,2017,925110,925110
2022,2022,925110,925110
2022,2012,925120,925120
2022,2017,925120,925120
2022,2022,925120,925120
2022,2012,926110,926110
2022,2017,926110,926110
2022,2022,926110,926110
2022,2012,926120,926120
2022,2017,926120,926120
2022,2022,926120,926120
2022,2012,926130,926130
2022,2017,926130,926130
2022,2022,926130,926130
2022,2012,926140,926140
2022,2017,926140,926140
2022,2022,926140,926140
2022,2012,926150,926150
2022,2017,926150,926150
2022,2022,926150,926150
2022,2012,927110,927110
2022,2017,927110,927110
2022,2022,927110,927110
2022,2012,928110,928110
2022,2017,928110,928110
2022,2022,928110,928110
2022,2012,928120,928120
2022,2017,928120,928120
2022,2022,928120,928120
